day,site,crawl_issues
2026-07-27,https://100percentvegan.co.uk/,0
2026-07-27,https://aatma-aesthetics.com/,0
2026-07-27,https://app.thetutor.link/,0
2026-07-27,https://bakerie.co.uk/,0
2026-07-27,https://bespokeairsoft.co.uk/,0
2026-07-27,https://best-binoculars.uk/,0
2026-07-27,https://best-blender.co.uk/,0
2026-07-27,https://bestairpurifiers.uk/,0
2026-07-27,https://bestchainsaw.uk/,0
2026-07-27,https://bestcordlessdrills.uk/,0
2026-07-27,https://bestreviews.co.uk/,0
2026-07-27,https://bestreviews.uk/,0
2026-07-27,https://bestturbotrainers.uk/,0
2026-07-27,https://bestvibrationplates.co.uk/,0
2026-07-27,https://bikegecko.com/,0
2026-07-27,https://calculator.place/,0
2026-07-27,https://carehome.page/,0
2026-07-27,https://cfw.co.uk/,0
2026-07-27,https://complain.report/,0
2026-07-27,https://copyexcel.com/,0
2026-07-27,https://crosstrainerhome.co.uk/,0
2026-07-27,https://cycletechuk.com/,0
2026-07-27,https://cyclistblog.net/,0
2026-07-27,https://dashboardcamreviews.co.uk/,77
2026-07-27,https://deadhangs.com/,0
2026-07-27,https://digitalpianoreviews.uk/,0
2026-07-27,https://drinksbykingpin.com/,0
2026-07-27,https://e-bikereview.uk/,0
2026-07-27,https://eco-drycleaners.co.uk/,0
2026-07-27,https://epc.report/,0
2026-07-27,https://figmentagency.com/,0
2026-07-27,https://fitnesshomehq.com/,0
2026-07-27,https://gadgetfive.co.uk/,0
2026-07-27,https://gadgetfive.com/,0
2026-07-27,https://gathrd.co.uk/,0
2026-07-27,https://golfboxy.com/,0
2026-07-27,https://hairdryerhq.com/,0
2026-07-27,https://handytoolshome.com/,0
2026-07-27,https://homegardenhq.co.uk/,0
2026-07-27,https://homestylearts.com/,0
2026-07-27,https://ideeeas.com/,0
2026-07-27,https://kingpin.design/,0
2026-07-27,https://laundryhome.co.uk/,5
2026-07-27,https://ledapex.com/,0
2026-07-27,https://lightweightluggagereviews.com/,0
2026-07-27,https://lockyourbike.org.uk/,0
2026-07-27,https://londonweb.design/,0
2026-07-27,https://luxurytrex.com/,5
2026-07-27,https://merchality.com/,0
2026-07-27,https://metaldetectorhunt.com/,0
2026-07-27,https://mycoffeehq.com/,0
2026-07-27,https://mydigitalpiano.com/,0
2026-07-27,https://mydryherb.com/,0
2026-07-27,https://myknifeguide.com/,0
2026-07-27,https://myleathertravelbag.com/,0
2026-07-27,https://mypetproducts.co.uk/,0
2026-07-27,https://neobread.com/,0
2026-07-27,https://neocandle.com/,0
2026-07-27,https://ownedwork.com/,0
2026-07-27,https://paragondrycleaners.co.uk/,0
2026-07-27,https://postcode.page/,0
2026-07-27,https://punchfoods.com/,0
2026-07-27,https://radon.tips/,0
2026-07-27,https://ratedluggage.com/,0
2026-07-27,https://readingschoolofmartialarts.co.uk/,0
2026-07-27,https://rentalyield.uk/,0
2026-07-27,https://selflandlord.com/,0
2026-07-27,https://sephra.com/,0
2026-07-27,https://sephrausa.com/,0
2026-07-27,https://sewingthis.com/,0
2026-07-27,https://shecookssheeats.co.uk/,1377
2026-07-27,https://signforge.org/,0
2026-07-27,https://snaptaken.com/,0
2026-07-27,https://socialconcierge.co.uk/,0
2026-07-27,https://stackswitch.co/,0
2026-07-27,https://sunnypatel.co.uk/,0
2026-07-27,https://sunnyshares.com/,0
2026-07-27,https://sustainabletag.com/,0
2026-07-27,https://teachmediy.co.uk/,0
2026-07-27,https://techloved.com/,0
2026-07-27,https://thebestmowers.co.uk/,308
2026-07-27,https://thefryerguide.com/,0
2026-07-27,https://theseshbars.com/,0
2026-07-27,https://thetutor.link/,0
2026-07-27,https://toprevs.com/,0
2026-07-27,https://topsewingmachines.uk/,0
2026-07-27,https://towerfanreviews.uk/,16
2026-07-27,https://trampolinereviews.uk/,0
2026-07-27,https://vegantab.com/,0
2026-07-27,https://wagearea.com/,0
2026-07-27,https://webwizrd.com/,0
2026-07-27,https://whattoeatwith.com/,0
2026-07-27,https://www.chessforjuniors.com/,0
