day,account,site,sitemap_errors,sitemap_warnings
2026-07-27,2012infinite,http://www.laundryhome.co.uk/,0,0
2026-07-27,2012infinite,https://aatma-aesthetics.com/,0,0
2026-07-27,2012infinite,https://app.thetutor.link/,0,0
2026-07-27,2012infinite,https://bestcordlessdrills.uk/,0,3
2026-07-27,2012infinite,https://laundryhome.co.uk/,0,0
2026-07-27,2012infinite,https://mydigitalpiano.com/,0,0
2026-07-27,2012infinite,https://myknifeguide.com/,0,0
2026-07-27,2012infinite,https://paragondrycleaners.co.uk/,0,0
2026-07-27,2012infinite,https://sunnypatel.co.uk/,0,0
2026-07-27,2012infinite,https://theseshbars.com/,8,0
2026-07-27,2012infinite,https://www.visible-ads.com/,0,0
2026-07-27,2012infinite,sc-domain:aatma-aesthetics.com,1,3
2026-07-27,2012infinite,sc-domain:bestvibrationplates.co.uk,0,5
2026-07-27,2012infinite,sc-domain:drinksbykingpin.com,0,0
2026-07-27,2012infinite,sc-domain:eco-drycleaners.co.uk,1,0
2026-07-27,2012infinite,sc-domain:huntsmansports.com,0,0
2026-07-27,2012infinite,sc-domain:iwholesales.co.uk,9,374
2026-07-27,2012infinite,sc-domain:kingpin.design,0,0
2026-07-27,2012infinite,sc-domain:lockyourbike.org.uk,0,4
2026-07-27,2012infinite,sc-domain:luxurytrex.com,4,8
2026-07-27,2012infinite,sc-domain:onlybbguns.co.uk,3,1630
2026-07-27,2012infinite,sc-domain:ownedwork.com,0,0
2026-07-27,2012infinite,sc-domain:readingschoolofmartialarts.co.uk,0,0
2026-07-27,2012infinite,sc-domain:shecookssheeats.co.uk,0,0
2026-07-27,2012infinite,sc-domain:stackswitch.co,0,0
2026-07-27,2012infinite,sc-domain:sunnypatel.co.uk,0,0
2026-07-27,2012infinite,sc-domain:thebestmowers.co.uk,2,9
2026-07-27,2012infinite,sc-domain:theseshbars.com,8,0
2026-07-27,2012infinite,sc-domain:thetutor.link,0,0
2026-07-27,2012infinite,sc-domain:towerfanreviews.uk,0,0
2026-07-28,2012infinite,http://www.laundryhome.co.uk/,0,0
2026-07-28,2012infinite,https://aatma-aesthetics.com/,0,0
2026-07-28,2012infinite,https://app.thetutor.link/,0,0
2026-07-28,2012infinite,https://bestcordlessdrills.uk/,0,3
2026-07-28,2012infinite,https://laundryhome.co.uk/,0,0
2026-07-28,2012infinite,https://mydigitalpiano.com/,0,0
2026-07-28,2012infinite,https://myknifeguide.com/,0,0
2026-07-28,2012infinite,https://paragondrycleaners.co.uk/,0,0
2026-07-28,2012infinite,https://sunnypatel.co.uk/,0,0
2026-07-28,2012infinite,https://theseshbars.com/,8,0
2026-07-28,2012infinite,https://www.visible-ads.com/,0,0
2026-07-28,2012infinite,sc-domain:aatma-aesthetics.com,1,3
2026-07-28,2012infinite,sc-domain:bestvibrationplates.co.uk,0,5
2026-07-28,2012infinite,sc-domain:drinksbykingpin.com,0,0
2026-07-28,2012infinite,sc-domain:eco-drycleaners.co.uk,1,0
2026-07-28,2012infinite,sc-domain:huntsmansports.com,0,0
2026-07-28,2012infinite,sc-domain:iwholesales.co.uk,9,374
2026-07-28,2012infinite,sc-domain:kingpin.design,0,0
2026-07-28,2012infinite,sc-domain:lockyourbike.org.uk,0,4
2026-07-28,2012infinite,sc-domain:luxurytrex.com,4,8
2026-07-28,2012infinite,sc-domain:onlybbguns.co.uk,3,1630
2026-07-28,2012infinite,sc-domain:ownedwork.com,0,0
2026-07-28,2012infinite,sc-domain:readingschoolofmartialarts.co.uk,0,0
2026-07-28,2012infinite,sc-domain:shecookssheeats.co.uk,0,0
2026-07-28,2012infinite,sc-domain:stackswitch.co,0,0
2026-07-28,2012infinite,sc-domain:sunnypatel.co.uk,0,0
2026-07-28,2012infinite,sc-domain:thebestmowers.co.uk,2,9
2026-07-28,2012infinite,sc-domain:theseshbars.com,8,0
2026-07-28,2012infinite,sc-domain:thetutor.link,0,0
2026-07-28,2012infinite,sc-domain:towerfanreviews.uk,0,0
2026-07-29,2012infinite,http://www.laundryhome.co.uk/,0,0
2026-07-29,2012infinite,https://aatma-aesthetics.com/,0,0
2026-07-29,2012infinite,https://app.thetutor.link/,0,0
2026-07-29,2012infinite,https://bestcordlessdrills.uk/,0,3
2026-07-29,2012infinite,https://laundryhome.co.uk/,0,0
2026-07-29,2012infinite,https://mydigitalpiano.com/,0,0
2026-07-29,2012infinite,https://myknifeguide.com/,0,0
2026-07-29,2012infinite,https://paragondrycleaners.co.uk/,0,0
2026-07-29,2012infinite,https://sunnypatel.co.uk/,0,0
2026-07-29,2012infinite,https://theseshbars.com/,8,0
2026-07-29,2012infinite,https://www.visible-ads.com/,0,0
2026-07-29,2012infinite,sc-domain:aatma-aesthetics.com,1,3
2026-07-29,2012infinite,sc-domain:bestvibrationplates.co.uk,0,5
2026-07-29,2012infinite,sc-domain:drinksbykingpin.com,0,0
2026-07-29,2012infinite,sc-domain:eco-drycleaners.co.uk,1,0
2026-07-29,2012infinite,sc-domain:huntsmansports.com,0,0
2026-07-29,2012infinite,sc-domain:iwholesales.co.uk,9,374
2026-07-29,2012infinite,sc-domain:kingpin.design,0,0
2026-07-29,2012infinite,sc-domain:lockyourbike.org.uk,0,4
2026-07-29,2012infinite,sc-domain:luxurytrex.com,4,8
2026-07-29,2012infinite,sc-domain:onlybbguns.co.uk,3,1630
2026-07-29,2012infinite,sc-domain:ownedwork.com,0,0
2026-07-29,2012infinite,sc-domain:readingschoolofmartialarts.co.uk,0,0
2026-07-29,2012infinite,sc-domain:shecookssheeats.co.uk,0,0
2026-07-29,2012infinite,sc-domain:stackswitch.co,0,0
2026-07-29,2012infinite,sc-domain:sunnypatel.co.uk,0,0
2026-07-29,2012infinite,sc-domain:thebestmowers.co.uk,2,9
2026-07-29,2012infinite,sc-domain:theseshbars.com,8,0
2026-07-29,2012infinite,sc-domain:thetutor.link,0,0
2026-07-29,2012infinite,sc-domain:towerfanreviews.uk,0,0
2026-07-30,2012infinite,http://www.laundryhome.co.uk/,0,0
2026-07-30,2012infinite,https://aatma-aesthetics.com/,0,0
2026-07-30,2012infinite,https://app.thetutor.link/,0,0
2026-07-30,2012infinite,https://bestcordlessdrills.uk/,0,3
2026-07-30,2012infinite,https://laundryhome.co.uk/,0,0
2026-07-30,2012infinite,https://mydigitalpiano.com/,0,0
2026-07-30,2012infinite,https://myknifeguide.com/,0,0
2026-07-30,2012infinite,https://paragondrycleaners.co.uk/,0,0
2026-07-30,2012infinite,https://sunnypatel.co.uk/,0,0
2026-07-30,2012infinite,https://theseshbars.com/,8,0
2026-07-30,2012infinite,https://www.visible-ads.com/,0,0
2026-07-30,2012infinite,sc-domain:aatma-aesthetics.com,1,3
2026-07-30,2012infinite,sc-domain:bestvibrationplates.co.uk,0,5
2026-07-30,2012infinite,sc-domain:drinksbykingpin.com,0,0
2026-07-30,2012infinite,sc-domain:eco-drycleaners.co.uk,1,0
2026-07-30,2012infinite,sc-domain:huntsmansports.com,0,0
2026-07-30,2012infinite,sc-domain:iwholesales.co.uk,9,374
2026-07-30,2012infinite,sc-domain:kingpin.design,0,0
2026-07-30,2012infinite,sc-domain:lockyourbike.org.uk,0,4
2026-07-30,2012infinite,sc-domain:luxurytrex.com,4,8
2026-07-30,2012infinite,sc-domain:onlybbguns.co.uk,3,1630
2026-07-30,2012infinite,sc-domain:ownedwork.com,0,0
2026-07-30,2012infinite,sc-domain:readingschoolofmartialarts.co.uk,0,0
2026-07-30,2012infinite,sc-domain:shecookssheeats.co.uk,0,0
2026-07-30,2012infinite,sc-domain:stackswitch.co,0,0
2026-07-30,2012infinite,sc-domain:sunnypatel.co.uk,0,0
2026-07-30,2012infinite,sc-domain:thebestmowers.co.uk,2,9
2026-07-30,2012infinite,sc-domain:theseshbars.com,8,0
2026-07-30,2012infinite,sc-domain:thetutor.link,0,0
2026-07-30,2012infinite,sc-domain:towerfanreviews.uk,0,0
