day,site,clicks,impressions,ctr,position
2026-07-27,http://www.laundryhome.co.uk/,55.0,1164.0,4.73,5.29
2026-07-27,https://aatma-aesthetics.com/,0.0,0.0,0.0,0.0
2026-07-27,https://app.thetutor.link/,0.0,1.0,0.0,13.0
2026-07-27,https://areaiq.uk/,0.0,32.0,0.0,51.12
2026-07-27,https://bestcordlessdrills.uk/,0.0,252.0,0.0,38.15
2026-07-27,https://laundryhome.co.uk/,24.0,4889.0,0.49,21.26
2026-07-27,https://mugscafe.org/,0.0,391.0,0.0,56.4
2026-07-27,https://mydigitalpiano.com/,0.0,401.0,0.0,48.64
2026-07-27,https://myknifeguide.com/,0.0,89.0,0.0,54.76
2026-07-27,https://paragondrycleaners.co.uk/,44.0,3470.0,1.27,9.75
2026-07-27,https://sunnypatel.co.uk/,64.0,39688.0,0.16,30.18
2026-07-27,https://theseshbars.com/,68.0,21895.0,0.31,25.61
2026-07-27,https://www.mugscafe.org/,0.0,0.0,0.0,0.0
2026-07-27,https://www.visible-ads.com/,5.0,756.0,0.66,5.81
2026-07-27,sc-domain:100percentvegan.co.uk,0.0,24.0,0.0,48.17
2026-07-27,sc-domain:365androidapp.uk.com,0.0,33.0,0.0,5.91
2026-07-27,sc-domain:aatma-aesthetics.com,0.0,0.0,0.0,0.0
2026-07-27,sc-domain:agenticai.associates,14.0,3174.0,0.44,42.93
2026-07-27,sc-domain:agenticaisecured.com,3.0,341.0,0.88,19.08
2026-07-27,sc-domain:aiagentic.news,0.0,173.0,0.0,65.6
2026-07-27,sc-domain:aiautomation.build,0.0,11463.0,0.0,62.69
2026-07-27,sc-domain:aifor.fitness,0.0,1.0,0.0,20.0
2026-07-27,sc-domain:aifor.property,3.0,526.0,0.57,28.86
2026-07-27,sc-domain:aifor.tech,0.0,657.0,0.0,53.48
2026-07-27,sc-domain:areaiq.uk,0.0,32.0,0.0,51.12
2026-07-27,sc-domain:auditweb.site,0.0,65.0,0.0,82.05
2026-07-27,sc-domain:bestchainsaw.uk,0.0,196.0,0.0,68.98
2026-07-27,sc-domain:bestcordlessdrills.uk,0.0,252.0,0.0,38.15
2026-07-27,sc-domain:bestreviews.co.uk,1.0,7154.0,0.01,83.66
2026-07-27,sc-domain:bestturbotrainers.uk,125.0,8718.0,1.43,11.88
2026-07-27,sc-domain:bestvibrationplates.co.uk,72.0,9247.0,0.78,14.32
2026-07-27,sc-domain:bookkeepingflow.com,0.0,1156.0,0.0,68.83
2026-07-27,sc-domain:breedhealth.org,0.0,928.0,0.0,57.38
2026-07-27,sc-domain:calculator.place,5.0,22820.0,0.02,50.29
2026-07-27,sc-domain:carehome.page,1.0,302.0,0.33,66.09
2026-07-27,sc-domain:carrecallhq.com,0.0,47.0,0.0,36.94
2026-07-27,sc-domain:catchment.school,7.0,2755.0,0.25,41.87
2026-07-27,sc-domain:chargefinder.uk,1253.0,46121.0,2.72,18.99
2026-07-27,sc-domain:checkamover.com,1.0,1704.0,0.06,61.39
2026-07-27,sc-domain:citationgenerator.store,0.0,67.0,0.0,77.16
2026-07-27,sc-domain:claimwatt.com,0.0,903.0,0.0,54.66
2026-07-27,sc-domain:clinicaltrialhub.org,1.0,55.0,1.82,33.44
2026-07-27,sc-domain:collinspress.ie,62.0,2586.0,2.4,21.85
2026-07-27,sc-domain:colourlabelprinter.com,132.0,17016.0,0.78,19.31
2026-07-27,sc-domain:complain.report,3.0,294.0,1.02,37.68
2026-07-27,sc-domain:crosstrainerhome.co.uk,0.0,471.0,0.0,59.93
2026-07-27,sc-domain:dashboardcamreviews.co.uk,7.0,1311.0,0.53,27.14
2026-07-27,sc-domain:deadhangs.com,1753.0,79536.0,2.2,7.28
2026-07-27,sc-domain:drinksbykingpin.com,13.0,545.0,2.39,10.81
2026-07-27,sc-domain:drivingtestpass.org,115.0,8972.0,1.28,16.33
2026-07-27,sc-domain:drugnote.com,3.0,1843.0,0.16,66.9
2026-07-27,sc-domain:e-bikereview.uk,6.0,2503.0,0.24,63.34
2026-07-27,sc-domain:eco-drycleaners.co.uk,121.0,20735.0,0.58,20.16
2026-07-27,sc-domain:epc.report,7.0,3028.0,0.23,34.51
2026-07-27,sc-domain:fixerror.dev,0.0,166.0,0.0,19.15
2026-07-27,sc-domain:formhq.org,1.0,604.0,0.17,67.89
2026-07-27,sc-domain:gathrd.co.uk,0.0,446.0,0.0,81.48
2026-07-27,sc-domain:generator.express,0.0,2.0,0.0,44.0
2026-07-27,sc-domain:geooptimised.com,2.0,136.0,1.47,28.63
2026-07-27,sc-domain:heatpumpchecker.co.uk,34.0,11867.0,0.29,37.13
2026-07-27,sc-domain:hummingbird.agency,245.0,66206.0,0.37,23.99
2026-07-27,sc-domain:huntsmansports.com,3467.0,141253.0,2.45,8.17
2026-07-27,sc-domain:ideeeas.com,0.0,16.0,0.0,40.38
2026-07-27,sc-domain:implementai.today,0.0,251.0,0.0,52.8
2026-07-27,sc-domain:iwholesales.co.uk,1593.0,35501.0,4.49,27.18
2026-07-27,sc-domain:kingpin.design,0.0,0.0,0.0,0.0
2026-07-27,sc-domain:knotweedcheck.com,151.0,15598.0,0.97,25.34
2026-07-27,sc-domain:leadscaffold.com,6.0,1033.0,0.58,42.46
2026-07-27,sc-domain:lockyourbike.org.uk,0.0,21.0,0.0,36.81
2026-07-27,sc-domain:londonweb.design,0.0,179.0,0.0,79.53
2026-07-27,sc-domain:londonwebdesign.site,3.0,194.0,1.55,41.17
2026-07-27,sc-domain:luxurytrex.com,5.0,1843.0,0.27,21.53
2026-07-27,sc-domain:merch.observer,0.0,2.0,0.0,5.5
2026-07-27,sc-domain:mobileautomechanic.uk,2.0,248.0,0.81,28.1
2026-07-27,sc-domain:mobilebarhirelondon.uk,1.0,2432.0,0.04,49.0
2026-07-27,sc-domain:mugscafe.org,0.0,391.0,0.0,56.4
2026-07-27,sc-domain:noisecheck.uk,688.0,10807.0,6.37,10.29
2026-07-27,sc-domain:nomadranker.com,1.0,299.0,0.33,52.19
2026-07-27,sc-domain:onlybbguns.co.uk,17794.0,314685.0,5.65,9.06
2026-07-27,sc-domain:openknowledgeformat.academy,0.0,13.0,0.0,36.62
2026-07-27,sc-domain:openknowledgeformat.agency,1.0,24.0,4.17,9.38
2026-07-27,sc-domain:optimisedwebsite.com,0.0,99.0,0.0,73.77
2026-07-27,sc-domain:ownedwork.com,3.0,2364.0,0.13,66.52
2026-07-27,sc-domain:petsnerd.com,3.0,96.0,3.12,39.42
2026-07-27,sc-domain:piyadesigns.co.uk,6.0,271.0,2.21,26.65
2026-07-27,sc-domain:planningleads.org,2.0,341.0,0.59,15.34
2026-07-27,sc-domain:postcode.page,0.0,6.0,0.0,1.0
2026-07-27,sc-domain:punchfoods.com,0.0,149.0,0.0,51.46
2026-07-27,sc-domain:qrcode.ink,6.0,684.0,0.88,62.88
2026-07-27,sc-domain:radon.tips,0.0,26.0,0.0,74.85
2026-07-27,sc-domain:readingschoolofmartialarts.co.uk,43.0,5084.0,0.85,15.72
2026-07-27,sc-domain:redlighttherapy.expert,424.0,32424.0,1.31,18.49
2026-07-27,sc-domain:redlighttherapy.tech,0.0,3.0,0.0,1.0
2026-07-27,sc-domain:rentalyield.uk,83.0,12602.0,0.66,21.38
2026-07-27,sc-domain:reportbolt.com,0.0,2.0,0.0,1.0
2026-07-27,sc-domain:salarycareer.com,4.0,6886.0,0.06,27.67
2026-07-27,sc-domain:salarydata.co.uk,148.0,47561.0,0.31,18.0
2026-07-27,sc-domain:scopepitch.com,0.0,15.0,0.0,2.67
2026-07-27,sc-domain:selflandlord.com,11.0,1840.0,0.6,68.92
2026-07-27,sc-domain:seo-birmingham.uk,0.0,245.0,0.0,87.06
2026-07-27,sc-domain:seo-guildford.uk,0.0,2807.0,0.0,62.43
2026-07-27,sc-domain:seo-leeds.uk,0.0,2934.0,0.0,82.52
2026-07-27,sc-domain:seo.archi,0.0,132.0,0.0,87.2
2026-07-27,sc-domain:seo.bargains,0.0,737.0,0.0,26.34
2026-07-27,sc-domain:seoreading.uk,1.0,5662.0,0.02,59.9
2026-07-27,sc-domain:seoswansea.uk,0.0,591.0,0.0,70.24
2026-07-27,sc-domain:shecookssheeats.co.uk,177.0,36761.0,0.48,17.39
2026-07-27,sc-domain:signalcheck.org,1.0,5982.0,0.02,45.2
2026-07-27,sc-domain:signforge.org,5.0,2311.0,0.22,39.97
2026-07-27,sc-domain:sitemap.digital,0.0,115.0,0.0,59.0
2026-07-27,sc-domain:smmcnj.org,71.0,14776.0,0.48,23.89
2026-07-27,sc-domain:snaptaken.com,0.0,80.0,0.0,34.01
2026-07-27,sc-domain:solarhq.uk,6.0,8253.0,0.07,49.41
2026-07-27,sc-domain:stackswitch.co,1.0,1765.0,0.06,46.16
2026-07-27,sc-domain:sunnypatel.co.uk,64.0,39688.0,0.16,30.18
2026-07-27,sc-domain:supplementcheck.org,7.0,634.0,1.1,8.45
2026-07-27,sc-domain:techloved.com,0.0,122.0,0.0,17.3
2026-07-27,sc-domain:template.how,15.0,2787.0,0.54,33.09
2026-07-27,sc-domain:text.taxi,0.0,7.0,0.0,50.29
2026-07-27,sc-domain:thebestmowers.co.uk,1.0,2997.0,0.03,58.53
2026-07-27,sc-domain:theseshbars.com,68.0,21895.0,0.31,25.61
2026-07-27,sc-domain:thetutor.link,0.0,1925.0,0.0,76.94
2026-07-27,sc-domain:topsewingmachines.uk,3.0,1022.0,0.29,54.25
2026-07-27,sc-domain:towerfanreviews.uk,18.0,3925.0,0.46,42.92
2026-07-27,sc-domain:towrating.org,2.0,1310.0,0.15,52.78
2026-07-27,sc-domain:tradecost.uk,46.0,21857.0,0.21,49.65
2026-07-27,sc-domain:visible-ads.com,45.0,8085.0,0.56,33.86
2026-07-27,sc-domain:wagearea.com,0.0,22.0,0.0,7.32
2026-07-27,sc-domain:waterhard.uk,2207.0,87186.0,2.53,9.91
2026-07-27,sc-domain:wellifepsychology.com,15.0,2188.0,0.69,4.71
2026-07-27,sc-domain:zoningbase.com,37.0,2221.0,1.67,10.5
